"ICER","NMB","dCOST.ref","dCOST.test","dQALY.ref","dQALY.test"
103206.017056864,-18.3482977279926,6435.92945037099,7026.58592371239,21.3175207516319,21.323243833388
